name	formula	state	pwd_xyz	energy	Mass	Na
SiC3H	ERROR	2Pi	/Users/tinaccil/Documents/GitHub/woon_query/xyz_files/SiC3H_2Pi.xyz	-403.580398	0.0	0
SiC2H	ERROR	2Pi	/Users/tinaccil/Documents/GitHub/woon_query/xyz_files/SiC2H_2Pi.xyz	-365.587632	0.0	0
AlCl	ERROR	1Sigma	/Users/tinaccil/Documents/GitHub/woon_query/xyz_files/AlCl_1Sigma.xyz	-701.796356	0.0	0
OCS	ERROR	1Sigma	/Users/tinaccil/Documents/GitHub/woon_query/xyz_files/OCS_1Sigma.xyz	-510.933306	0.0	0
H2CS	ERROR	1A1	/Users/tinaccil/Documents/GitHub/woon_query/xyz_files/H2CS_1A1.xyz	-436.944579	0.0	0
S2	ERROR	3Sigma	/Users/tinaccil/Documents/GitHub/woon_query/xyz_files/S2_3Sigma.xyz	-795.467737	0.0	0
SiC4	ERROR	1Sigma	/Users/tinaccil/Documents/GitHub/woon_query/xyz_files/SiC4_1Sigma.xyz	-440.956701	0.0	0
AlO	ERROR	2Sigma	/Users/tinaccil/Documents/GitHub/woon_query/xyz_files/AlO_2Sigma.xyz	-317.093882	0.0	0
SiC8H	ERROR	2Pi	/Users/tinaccil/Documents/GitHub/woon_query/xyz_files/SiC8H_2Pi.xyz	-593.362940	0.0	0
H2S	ERROR	1A1	/Users/tinaccil/Documents/GitHub/woon_query/xyz_files/H2S_1A1.xyz	-398.943621	0.0	0
H2SiC2H	ERROR	2Ap	/Users/tinaccil/Documents/GitHub/woon_query/xyz_files/H2SiC2H_2Ap.xyz	-366.816912	0.0	0
c-SiC2	ERROR	1A1	/Users/tinaccil/Documents/GitHub/woon_query/xyz_files/c-SiC2_1A1.xyz	-364.956163	0.0	0
CH3C2Si	ERROR	2Ap	/Users/tinaccil/Documents/GitHub/woon_query/xyz_files/CH3C2Si_2Ap.xyz	-404.835654	0.0	0
CP	ERROR	2Sigma	/Users/tinaccil/Documents/GitHub/woon_query/xyz_files/CP_2Sigma.xyz	-378.792334	0.0	0
C4P	ERROR	2Pi	/Users/tinaccil/Documents/GitHub/woon_query/xyz_files/C4P_2Pi.xyz	-492.803394	0.0	0
AlF	ERROR	1Sigma	/Users/tinaccil/Documents/GitHub/woon_query/xyz_files/AlF_1Sigma.xyz	-341.811072	0.0	0
c-SiC3	ERROR	1A1	/Users/tinaccil/Documents/GitHub/woon_query/xyz_files/c-SiC3_1A1.xyz	-402.922695	0.0	0
SiH4	ERROR	1A1	/Users/tinaccil/Documents/GitHub/woon_query/xyz_files/SiH4_1A1.xyz	-291.442788	0.0	0
H2SiS	ERROR	1A1	/Users/tinaccil/Documents/GitHub/woon_query/xyz_files/H2SiS_1A1.xyz	-688.001179	0.0	0
HC2P	ERROR	3Sigma	/Users/tinaccil/Documents/GitHub/woon_query/xyz_files/HC2P_3Sigma.xyz	-417.461410	0.0	0
H2SiO	ERROR	1A1	/Users/tinaccil/Documents/GitHub/woon_query/xyz_files/H2SiO_1A1.xyz	-365.384981	0.0	0
CS	ERROR	1Sigma	/Users/tinaccil/Documents/GitHub/woon_query/xyz_files/CS_1Sigma.xyz	-435.701617	0.0	0
C2P	ERROR	2Pi	/Users/tinaccil/Documents/GitHub/woon_query/xyz_files/C2P_2Pi.xyz	-416.787185	0.0	0
C3P	ERROR	2Pi	/Users/tinaccil/Documents/GitHub/woon_query/xyz_files/C3P_2Pi.xyz	-454.797206	0.0	0
CH2PH	ERROR	1Ap	/Users/tinaccil/Documents/GitHub/woon_query/xyz_files/CH2PH_1Ap.xyz	-380.710833	0.0	0
HF	ERROR	1Sigma	/Users/tinaccil/Documents/GitHub/woon_query/xyz_files/HF_1Sigma.xyz	-100.349577	0.0	0
NaOH	ERROR	1Sigma	/Users/tinaccil/Documents/GitHub/woon_query/xyz_files/NaOH_1Sigma.xyz	-237.627565	0.0	0
SiC4H	ERROR	2Pi	/Users/tinaccil/Documents/GitHub/woon_query/xyz_files/SiC4H_2Pi.xyz	-441.605947	0.0	0
HCNS	ERROR	1Ap	/Users/tinaccil/Documents/GitHub/woon_query/xyz_files/HCNS_1Ap.xyz	-490.982486	0.0	0
HCSi	ERROR	2Pi	/Users/tinaccil/Documents/GitHub/woon_query/xyz_files/HCSi_2Pi.xyz	-327.546895	0.0	0
SiC3	ERROR	1Sigma	/Users/tinaccil/Documents/GitHub/woon_query/xyz_files/SiC3_1Sigma.xyz	-402.898840	0.0	0
HSNC	ERROR	1Ap	/Users/tinaccil/Documents/GitHub/woon_query/xyz_files/HSNC_1Ap.xyz	-490.979789	0.0	0
SiH2	ERROR	1A1	/Users/tinaccil/Documents/GitHub/woon_query/xyz_files/SiH2_1A1.xyz	-290.174397	0.0	0
HCS	ERROR	2Ap	/Users/tinaccil/Documents/GitHub/woon_query/xyz_files/HCS_2Ap.xyz	-436.287710	0.0	0
CCl	ERROR	2Pi	/Users/tinaccil/Documents/GitHub/woon_query/xyz_files/CCl_2Pi.xyz	-497.607448	0.0	0
HSSH	ERROR	1A1	/Users/tinaccil/Documents/GitHub/woon_query/xyz_files/HSSH_1A1.xyz	-796.687569	0.0	0
PN	ERROR	1Sigma	/Users/tinaccil/Documents/GitHub/woon_query/xyz_files/PN_1Sigma.xyz	-395.557118	0.0	0
LiH	ERROR	1Sigma	/Users/tinaccil/Documents/GitHub/woon_query/xyz_files/LiH_1Sigma.xyz	-8.023143	0.0	0
H2CSi	ERROR	1A1	/Users/tinaccil/Documents/GitHub/woon_query/xyz_files/H2CSi_1A1.xyz	-328.207983	0.0	0
HPO	ERROR	1Ap	/Users/tinaccil/Documents/GitHub/woon_query/xyz_files/HPO_1Ap.xyz	-416.626662	0.0	0
SiC	ERROR	3Pi	/Users/tinaccil/Documents/GitHub/woon_query/xyz_files/SiC_3Pi.xyz	-326.869358	0.0	0
SO2	ERROR	1A1	/Users/tinaccil/Documents/GitHub/woon_query/xyz_files/SO2_1A1.xyz	-548.006271	0.0	0
HCl	ERROR	1Sigma	/Users/tinaccil/Documents/GitHub/woon_query/xyz_files/HCl_1Sigma.xyz	-460.345710	0.0	0
HSiS	ERROR	2Ap	/Users/tinaccil/Documents/GitHub/woon_query/xyz_files/HSiS_2Ap.xyz	-687.364249	0.0	0
HS	ERROR	2Pi	/Users/tinaccil/Documents/GitHub/woon_query/xyz_files/HS_2Pi.xyz	-398.293091	0.0	0
PH2	ERROR	2B1	/Users/tinaccil/Documents/GitHub/woon_query/xyz_files/PH2_2B1.xyz	-342.061689	0.0	0
SiH	ERROR	2Pi	/Users/tinaccil/Documents/GitHub/woon_query/xyz_files/SiH_2Pi.xyz	-289.548950	0.0	0
HS2	ERROR	2App	/Users/tinaccil/Documents/GitHub/woon_query/xyz_files/HS2_2App.xyz	-796.063375	0.0	0
C4S	ERROR	3Sigma	/Users/tinaccil/Documents/GitHub/woon_query/xyz_files/C4S_3Sigma.xyz	-549.648109	0.0	0
SiS	ERROR	1Sigma	/Users/tinaccil/Documents/GitHub/woon_query/xyz_files/SiS_1Sigma.xyz	-686.814157	0.0	0
HNSi	ERROR	1Sigma	/Users/tinaccil/Documents/GitHub/woon_query/xyz_files/HNSi_1Sigma.xyz	-344.317825	0.0	0
NS	ERROR	2Pi	/Users/tinaccil/Documents/GitHub/woon_query/xyz_files/NS_2Pi.xyz	-452.342244	0.0	0
SiC6H	ERROR	2Pi	/Users/tinaccil/Documents/GitHub/woon_query/xyz_files/SiC6H_2Pi.xyz	-517.409738	0.0	0
SiCH3	ERROR	2App	/Users/tinaccil/Documents/GitHub/woon_query/xyz_files/SiCH3_2App.xyz	-328.807190	0.0	0
OCl	ERROR	2Pi	/Users/tinaccil/Documents/GitHub/woon_query/xyz_files/OCl_2Pi.xyz	-534.751156	0.0	0
HSCN	ERROR	1Ap	/Users/tinaccil/Documents/GitHub/woon_query/xyz_files/HSCN_1Ap.xyz	-491.027304	0.0	0
NaH	ERROR	1Sigma	/Users/tinaccil/Documents/GitHub/woon_query/xyz_files/NaH_1Sigma.xyz	-162.428478	0.0	0
PO	ERROR	2Pi	/Users/tinaccil/Documents/GitHub/woon_query/xyz_files/PO_2Pi.xyz	-416.016734	0.0	0
HCP	ERROR	1Sigma	/Users/tinaccil/Documents/GitHub/woon_query/xyz_files/HCP_1Sigma.xyz	-379.491774	0.0	0
PH	ERROR	3Sigma	/Users/tinaccil/Documents/GitHub/woon_query/xyz_files/PH_3Sigma.xyz	-341.435777	0.0	0
SO	ERROR	3Sigma	/Users/tinaccil/Documents/GitHub/woon_query/xyz_files/SO_3Sigma.xyz	-472.826256	0.0	0
MgH	ERROR	2Sigma	/Users/tinaccil/Documents/GitHub/woon_query/xyz_files/MgH_2Sigma.xyz	-200.198039	0.0	0
SiNC	ERROR	2Pi	/Users/tinaccil/Documents/GitHub/woon_query/xyz_files/SiNC_2Pi.xyz	-381.671041	0.0	0
SiN	ERROR	2Sigma	/Users/tinaccil/Documents/GitHub/woon_query/xyz_files/SiN_2Sigma.xyz	-343.610249	0.0	0
SiO2	ERROR	1Sigma	/Users/tinaccil/Documents/GitHub/woon_query/xyz_files/SiO2_1Sigma.xyz	-439.347195	0.0	0
c-SiC2H2	ERROR	1A1	/Users/tinaccil/Documents/GitHub/woon_query/xyz_files/c-SiC2H2_1A1.xyz	-366.241741	0.0	0
C2S	ERROR	3Sigma	/Users/tinaccil/Documents/GitHub/woon_query/xyz_files/C2S_3Sigma.xyz	-473.634262	0.0	0
C3S	ERROR	1Sigma	/Users/tinaccil/Documents/GitHub/woon_query/xyz_files/C3S_1Sigma.xyz	-511.688215	0.0	0
SiO	ERROR	1Sigma	/Users/tinaccil/Documents/GitHub/woon_query/xyz_files/SiO_1Sigma.xyz	-364.208093	0.0	0
SiH3	ERROR	2Ap	/Users/tinaccil/Documents/GitHub/woon_query/xyz_files/SiH3_2Ap.xyz	-290.790730	0.0	0
SiC3H5	ERROR	2Ap	/Users/tinaccil/Documents/GitHub/woon_query/xyz_files/SiC3H5_2Ap.xyz	-405.939901	0.0	0
H	H1	1Sigma	/Users/tinaccil/Documents/GitHub/woon_query/xyz_files/H_1Sigma.xyz	-0.499810	1.00784	1
C	C1	3Pi	/Users/tinaccil/Documents/GitHub/woon_query/xyz_files/C_3Pi.xyz	-37.780762	12.0107	1
N	N1	4Sigma	/Users/tinaccil/Documents/GitHub/woon_query/xyz_files/N_4Sigma.xyz	-54.514707	14.0067	1
O	O1	3Sigma	/Users/tinaccil/Documents/GitHub/woon_query/xyz_files/O_3Sigma.xyz	-74.973962	15.999	1
H2	H2	1Sigma	/Users/tinaccil/Documents/GitHub/woon_query/xyz_files/H2_1Sigma.xyz	-1.172636	2.01568	2
CH	H1C1	2Pi	/Users/tinaccil/Documents/GitHub/woon_query/xyz_files/CH_2Pi.xyz	-38.412659	13.01854	2
NH	H1N1	3Sigma	/Users/tinaccil/Documents/GitHub/woon_query/xyz_files/NH_3Sigma.xyz	-55.144774	15.01454	2
OH	H1O1	2Pi	/Users/tinaccil/Documents/GitHub/woon_query/xyz_files/OH_2Pi.xyz	-75.645398	17.00684	2
C2	C2	1Sigma	/Users/tinaccil/Documents/GitHub/woon_query/xyz_files/C2_1Sigma.xyz	-75.786379	24.0214	2
CN	C1N1	2Sigma	/Users/tinaccil/Documents/GitHub/woon_query/xyz_files/CN_2Sigma.xyz	-92.571785	26.017400000000002	2
CO	C1O1	1Sigma	/Users/tinaccil/Documents/GitHub/woon_query/xyz_files/CO_1Sigma.xyz	-113.162194	28.009700000000002	2
N2	N2	1Sigma	/Users/tinaccil/Documents/GitHub/woon_query/xyz_files/N2_1Sigma.xyz	-109.380845	28.0134	2
NO	N1O1	2Pi	/Users/tinaccil/Documents/GitHub/woon_query/xyz_files/NO_2Pi.xyz	-129.725990	30.0057	2
O2	O2	3Sigma	/Users/tinaccil/Documents/GitHub/woon_query/xyz_files/O2_3Sigma.xyz	-150.140358	31.998	2
CH2	H2C1	3B1	/Users/tinaccil/Documents/GitHub/woon_query/xyz_files/CH2_3B1.xyz	-39.079824	14.02638	3
NH2	H2N1	2B1	/Users/tinaccil/Documents/GitHub/woon_query/xyz_files/NH2_2B1.xyz	-55.799659	16.022380000000002	3
H2O	H2O1	1A1	/Users/tinaccil/Documents/GitHub/woon_query/xyz_files/H2O_1A1.xyz	-76.342326	18.014680000000002	3
C2H	H1C2	2Sigma	/Users/tinaccil/Documents/GitHub/woon_query/xyz_files/C2H_2Sigma.xyz	-76.462316	25.02924	3
HNC	H1C1N1	1Sigma	/Users/tinaccil/Documents/GitHub/woon_query/xyz_files/HNC_1Sigma.xyz	-93.257511	27.02524	3
HCN	H1C1N1	1Sigma	/Users/tinaccil/Documents/GitHub/woon_query/xyz_files/HCN_1Sigma.xyz	-93.281168	27.02524	3
HCO	H1C1O1	2Ap	/Users/tinaccil/Documents/GitHub/woon_query/xyz_files/HCO_2Ap.xyz	-113.692160	29.01754	3
HNO	H1N1O1	1Ap	/Users/tinaccil/Documents/GitHub/woon_query/xyz_files/HNO_1Ap.xyz	-130.309750	31.01354	3
HO2	H1O2	2App	/Users/tinaccil/Documents/GitHub/woon_query/xyz_files/HO2_2App.xyz	-150.725748	33.00584	3
C3	C3	1Sigma	/Users/tinaccil/Documents/GitHub/woon_query/xyz_files/C3_1Sigma.xyz	-113.838661	36.0321	3
C2N	C2N1	2Pi	/Users/tinaccil/Documents/GitHub/woon_query/xyz_files/C2N_2Pi.xyz	-130.531700	38.0281	3
C2O	C2O1	3Sigma	/Users/tinaccil/Documents/GitHub/woon_query/xyz_files/C2O_3Sigma.xyz	-151.026024	40.0204	3
NCO	C1N1O1	2Pi	/Users/tinaccil/Documents/GitHub/woon_query/xyz_files/NCO_2Pi.xyz	-167.761586	42.016400000000004	3
CO2	C1O2	1Sigma	/Users/tinaccil/Documents/GitHub/woon_query/xyz_files/CO2_1Sigma.xyz	-188.340595	44.008700000000005	3
N2O	N2O1	1Sigma	/Users/tinaccil/Documents/GitHub/woon_query/xyz_files/N2O_1Sigma.xyz	-184.420459	44.0124	3
NO2	N1O2	2A1	/Users/tinaccil/Documents/GitHub/woon_query/xyz_files/NO2_2A1.xyz	-204.816669	46.0047	3
CH3	H3C1	2B2	/Users/tinaccil/Documents/GitHub/woon_query/xyz_files/CH3_2B2.xyz	-39.763501	15.034220000000001	4
NH3	H3N1	1Ap	/Users/tinaccil/Documents/GitHub/woon_query/xyz_files/NH3_1Ap.xyz	-56.480563	17.03022	4
C2H2	H2C2	1Sigma	/Users/tinaccil/Documents/GitHub/woon_query/xyz_files/C2H2_1Sigma.xyz	-77.192197	26.03708	4
H2CN	H2C1N1	2B2	/Users/tinaccil/Documents/GitHub/woon_query/xyz_files/H2CN_2B2.xyz	-93.829745	28.033079999999998	4
H2CO	H2C1O1	1A1	/Users/tinaccil/Documents/GitHub/woon_query/xyz_files/H2CO_1A1.xyz	-114.342934	30.02538	4
HOOH	H2O2	1A1	/Users/tinaccil/Documents/GitHub/woon_query/xyz_files/HOOH_1A1.xyz	-151.374299	34.01368	4
l-C3H	H1C3	2Pi	/Users/tinaccil/Documents/GitHub/woon_query/xyz_files/l-C3H_2Pi.xyz	-114.462685	37.03994	4
c-C3H	H1C3	2Ap	/Users/tinaccil/Documents/GitHub/woon_query/xyz_files/c-C3H_2Ap.xyz	-114.465516	37.03994	4
HNCO	H1C1N1O1	1Ap	/Users/tinaccil/Documents/GitHub/woon_query/xyz_files/HNCO_1Ap.xyz	-168.445947	43.02424	4
HOCN	H1C1N1O1	1Ap	/Users/tinaccil/Documents/GitHub/woon_query/xyz_files/HOCN_1Ap.xyz	-168.407590	43.02424	4
HCNO	H1C1N1O1	1Ap	/Users/tinaccil/Documents/GitHub/woon_query/xyz_files/HCNO_1Ap.xyz	-168.334893	43.02424	4
HONC	H1C1N1O1	1Ap	/Users/tinaccil/Documents/GitHub/woon_query/xyz_files/HONC_1Ap.xyz	-168.313561	43.02424	4
C4	C4	1Sigma	/Users/tinaccil/Documents/GitHub/woon_query/xyz_files/C4_1Sigma.xyz	-151.784303	48.0428	4
C3N	C3N1	2Sigma	/Users/tinaccil/Documents/GitHub/woon_query/xyz_files/C3N_2Sigma.xyz	-168.565505	50.0388	4
C3O	C3O1	1Sigma	/Users/tinaccil/Documents/GitHub/woon_query/xyz_files/C3O_1Sigma.xyz	-189.093219	52.0311	4
CH4	H4C1	1A1	/Users/tinaccil/Documents/GitHub/woon_query/xyz_files/CH4_1A1.xyz	-40.440930	16.04206	5
C2H3	H3C2	2Ap	/Users/tinaccil/Documents/GitHub/woon_query/xyz_files/C2H3_2Ap.xyz	-77.757334	27.04492	5
CH2NH	H3C1N1	1Ap	/Users/tinaccil/Documents/GitHub/woon_query/xyz_files/CH2NH_1Ap.xyz	-94.480534	29.04092	5
HC3H	H2C3	3B	/Users/tinaccil/Documents/GitHub/woon_query/xyz_files/HC3H_3B.xyz	-115.118311	38.04778	5
c-C3H2	H2C3	1A1	/Users/tinaccil/Documents/GitHub/woon_query/xyz_files/c-C3H2_1A1.xyz	-115.142440	38.04778	5
H2C3	H2C3	1A1	/Users/tinaccil/Documents/GitHub/woon_query/xyz_files/H2C3_1A1.xyz	-115.120889	38.04778	5
CH2CN	H2C2N1	2B1	/Users/tinaccil/Documents/GitHub/woon_query/xyz_files/CH2CN_2B1.xyz	-131.872012	40.04378	5
H2CCO	H2C2O1	1A1	/Users/tinaccil/Documents/GitHub/woon_query/xyz_files/H2CCO_1A1.xyz	-152.369102	42.03608	5
NH2CN	H2C1N2	1Ap	/Users/tinaccil/Documents/GitHub/woon_query/xyz_files/NH2CN_1Ap.xyz	-148.562509	42.03978	5
HCOOH	H2C1O2	1Ap	/Users/tinaccil/Documents/GitHub/woon_query/xyz_files/HCOOH_1Ap.xyz	-189.517766	46.02438	5
C4H	H1C4	2Sigma	/Users/tinaccil/Documents/GitHub/woon_query/xyz_files/C4H_2Sigma.xyz	-152.482987	49.05064	5
HC3N	H1C3N1	1Sigma	/Users/tinaccil/Documents/GitHub/woon_query/xyz_files/HC3N_1Sigma.xyz	-169.289101	51.046640000000004	5
HCNCC	H1C3N1	1Sigma	/Users/tinaccil/Documents/GitHub/woon_query/xyz_files/HCNCC_1Sigma.xyz	-169.162941	51.046640000000004	5
HNCCC	H1C3N1	1Ap	/Users/tinaccil/Documents/GitHub/woon_query/xyz_files/HNCCC_1Ap.xyz	-169.206662	51.046640000000004	5
HCCNC	H1C3N1	1Sigma	/Users/tinaccil/Documents/GitHub/woon_query/xyz_files/HCCNC_1Sigma.xyz	-169.245868	51.046640000000004	5
HCOCN	H1C2N1O1	1Ap	/Users/tinaccil/Documents/GitHub/woon_query/xyz_files/HCOCN_1Ap.xyz	-206.434241	55.034940000000006	5
C5	C5	1Sigma	/Users/tinaccil/Documents/GitHub/woon_query/xyz_files/C5_1Sigma.xyz	-189.846301	60.0535	5
C4N	C4N1	2Pi	/Users/tinaccil/Documents/GitHub/woon_query/xyz_files/C4N_2Pi.xyz	-206.559962	62.0495	5
C4O	C4O1	3Sigma	/Users/tinaccil/Documents/GitHub/woon_query/xyz_files/C4O_3Sigma.xyz	-227.036316	64.0418	5
C2H4	H4C2	1A1	/Users/tinaccil/Documents/GitHub/woon_query/xyz_files/C2H4_1A1.xyz	-78.443764	28.05276	6
CH3OH	H4C1O1	1Ap	/Users/tinaccil/Documents/GitHub/woon_query/xyz_files/CH3OH_1Ap.xyz	-115.562384	32.04106	6
CH2C2H	H3C3	2B1	/Users/tinaccil/Documents/GitHub/woon_query/xyz_files/CH2C2H_2B1.xyz	-115.785274	39.05562	6
CH3CC	H3C3	2Ap	/Users/tinaccil/Documents/GitHub/woon_query/xyz_files/CH3CC_2Ap.xyz	-115.714892	39.05562	6
CH2CNH	H3C2N1	1Ap	/Users/tinaccil/Documents/GitHub/woon_query/xyz_files/CH2CNH_1Ap.xyz	-132.491773	41.05162	6
CH3CN	H3C2N1	1Ap	/Users/tinaccil/Documents/GitHub/woon_query/xyz_files/CH3CN_1Ap.xyz	-132.536921	41.05162	6
HCONH2	H3C1N1O1	1Ap	/Users/tinaccil/Documents/GitHub/woon_query/xyz_files/HCONH2_1Ap.xyz	-169.657017	45.03992	6
H2C4	H2C4	1A1	/Users/tinaccil/Documents/GitHub/woon_query/xyz_files/H2C4_1A1.xyz	-153.133733	50.05848	6
C4H2	H2C4	1Sigma	/Users/tinaccil/Documents/GitHub/woon_query/xyz_files/C4H2_1Sigma.xyz	-153.205111	50.05848	6
c-C3H2O	H2C3O1	1A1	/Users/tinaccil/Documents/GitHub/woon_query/xyz_files/c-C3H2O_1A1.xyz	-190.340474	54.046780000000005	6
HCOC2H	H2C3O1	1Ap	/Users/tinaccil/Documents/GitHub/woon_query/xyz_files/HCOC2H_1Ap.xyz	-190.351374	54.046780000000005	6
C5H	H1C5	2Pi	/Users/tinaccil/Documents/GitHub/woon_query/xyz_files/C5H_2Pi.xyz	-190.486119	61.06134	6
HC4N	H1C4N1	3Sigma	/Users/tinaccil/Documents/GitHub/woon_query/xyz_files/HC4N_3Sigma.xyz	-207.226580	63.05734	6
C6	C6	1Sigma	/Users/tinaccil/Documents/GitHub/woon_query/xyz_files/C6_1Sigma.xyz	-227.808291	72.0642	6
C5N	C5N1	2Sigma	/Users/tinaccil/Documents/GitHub/woon_query/xyz_files/C5N_2Sigma.xyz	-244.570992	74.0602	6
C4N2	C4N2	1Sigma	/Users/tinaccil/Documents/GitHub/woon_query/xyz_files/C4N2_1Sigma.xyz	-261.3811767	76.0562	6
C2H5	H5C2	2Ap	/Users/tinaccil/Documents/GitHub/woon_query/xyz_files/C2H5_2Ap.xyz	-79.007767	29.0606	7
CH3NH2	H5C1N1	1Ap	/Users/tinaccil/Documents/GitHub/woon_query/xyz_files/CH3NH2_1Ap.xyz	-95.701761	31.056600000000003	7
CH3C2H	H4C3	1Ap	/Users/tinaccil/Documents/GitHub/woon_query/xyz_files/CH3C2H_1Ap.xyz	-1.172636	40.06346	7
CH3CHO	H4C2O1	1Ap	/Users/tinaccil/Documents/GitHub/woon_query/xyz_files/CH3CHO_1Ap.xyz	-153.592147	44.05176	7
CH3C3	H3C4	2Ap	/Users/tinaccil/Documents/GitHub/woon_query/xyz_files/CH3C3_2Ap.xyz	-153.713984	51.06632	7
CH2CHCN	H3C3N1	1Ap	/Users/tinaccil/Documents/GitHub/woon_query/xyz_files/CH2CHCN_1Ap.xyz	-170.538015	53.06232	7
H2C5	H2C5	1A1	/Users/tinaccil/Documents/GitHub/woon_query/xyz_files/H2C5_1A1.xyz	-191.126223	62.06918	7
C6H	H1C6	2Pi	/Users/tinaccil/Documents/GitHub/woon_query/xyz_files/C6H_2Pi.xyz	-228.502818	73.07204	7
HC5N	H1C5N1	1Sigma	/Users/tinaccil/Documents/GitHub/woon_query/xyz_files/HC5N_1Sigma.xyz	-245.294796	75.06804	7
C7	C7	1Sigma	/Users/tinaccil/Documents/GitHub/woon_query/xyz_files/C7_1Sigma.xyz	-265.852907	84.0749	7
CH2CHC2H	H4C4	1Ap	/Users/tinaccil/Documents/GitHub/woon_query/xyz_files/CH2CHC2H_1Ap.xyz	-154.448185	52.07416	8
CH3COOH	H4C2O2	1Ap	/Users/tinaccil/Documents/GitHub/woon_query/xyz_files/CH3COOH_1Ap.xyz	-228.762061	60.05076	8
CH3OCHO	H4C2O2	1Ap	/Users/tinaccil/Documents/GitHub/woon_query/xyz_files/CH3OCHO_1Ap.xyz	-228.735924	60.05076	8
HCOCH2OH	H4C2O2	1Ap	/Users/tinaccil/Documents/GitHub/woon_query/xyz_files/HCOCH2OH_1Ap.xyz	-228.719005	60.05076	8
CH2CCHCN	H3C4N1	1Ap	/Users/tinaccil/Documents/GitHub/woon_query/xyz_files/CH2CCHCN_1Ap.xyz	-208.530588	65.07302	8
HCCCH2CN	H3C4N1	1Ap	/Users/tinaccil/Documents/GitHub/woon_query/xyz_files/HCCCH2CN_1Ap.xyz	-208.524419	65.07302	8
CH3C3N	H3C4N1	1Ap	/Users/tinaccil/Documents/GitHub/woon_query/xyz_files/CH3C3N_1Ap.xyz	-208.536166	65.07302	8
H2C6	H2C6	1A1	/Users/tinaccil/Documents/GitHub/woon_query/xyz_files/H2C6_1A1.xyz	-229.134089	74.07988	8
C6H2	H2C6	1Sigma	/Users/tinaccil/Documents/GitHub/woon_query/xyz_files/C6H2_1Sigma.xyz	-229.212670	74.07988	8
C7H	H1C7	2Pi	/Users/tinaccil/Documents/GitHub/woon_query/xyz_files/C7H_2Pi.xyz	-266.285928	85.08274	8
HC6N	H1C6N1	3Sigma	/Users/tinaccil/Documents/GitHub/woon_query/xyz_files/HC6N_3Sigma.xyz	-283.019429	87.07874	8
C8	C8	1Sigma	/Users/tinaccil/Documents/GitHub/woon_query/xyz_files/C8_1Sigma.xyz	-303.816623	96.0856	8
C7N	C7N1	2Pi	/Users/tinaccil/Documents/GitHub/woon_query/xyz_files/C7N_2Pi.xyz	-320.340957	98.0816	8
C6N2	C6N2	1Sigma	/Users/tinaccil/Documents/GitHub/woon_query/xyz_files/C6N2_1Sigma.xyz	-337.386391	100.0776	8
C3H6	H6C3	1Ap	/Users/tinaccil/Documents/GitHub/woon_query/xyz_files/C3H6_1Ap.xyz	-117.685363	42.07914	9
CH3CH2OH	H6C2O1	1Ap	/Users/tinaccil/Documents/GitHub/woon_query/xyz_files/CH3CH2OH_1Ap.xyz	-154.802697	46.067440000000005	9
CH3OCH3	H6C2O1	1A1	/Users/tinaccil/Documents/GitHub/woon_query/xyz_files/CH3OCH3_1A1.xyz	-154.783508	46.067440000000005	9
CH3CONH2	H5C2N1O1	1Ap	/Users/tinaccil/Documents/GitHub/woon_query/xyz_files/CH3CONH2_1Ap.xyz	-208.899416	59.066300000000005	9
CH3C4H	H4C5	1Ap	/Users/tinaccil/Documents/GitHub/woon_query/xyz_files/CH3C4H_1Ap.xyz	-192.450313	64.08486	9
H2C7	H2C7	1A1	/Users/tinaccil/Documents/GitHub/woon_query/xyz_files/H2C7_1A1.xyz	-266.921865	86.09058	9
C8H	H1C8	2Pi	/Users/tinaccil/Documents/GitHub/woon_query/xyz_files/C8H_2Pi.xyz	-304.269066	97.09344	9
HC7N	H1C7N1	1Sigma	/Users/tinaccil/Documents/GitHub/woon_query/xyz_files/HC7N_1Sigma.xyz	-321.051235	99.08944	9
C9	C9	1Sigma	/Users/tinaccil/Documents/GitHub/woon_query/xyz_files/C9_1Sigma.xyz	-341.645070	108.0963	9
CH3CH2C2H	H6C4	1Ap	/Users/tinaccil/Documents/GitHub/woon_query/xyz_files/CH3CH2C2H_1Ap.xyz	-155.540596	54.08984	10
CH3CHCCH2	H6C4	1Ap	/Users/tinaccil/Documents/GitHub/woon_query/xyz_files/CH3CHCCH2_1Ap.xyz	-155.543056	54.08984	10
C4H6	H6C4	1A1	/Users/tinaccil/Documents/GitHub/woon_query/xyz_files/C4H6_1A1.xyz	-155.565060	54.08984	10
C2H6CO	H6C3O1	1A1	/Users/tinaccil/Documents/GitHub/woon_query/xyz_files/C2H6CO_1A1.xyz	-192.678827	58.078140000000005	10
CH3C5N	H3C6N1	1Ap	/Users/tinaccil/Documents/GitHub/woon_query/xyz_files/CH3C5N_1Ap.xyz	-439.347195	89.09442	10
H2C8	H2C8	1A1	/Users/tinaccil/Documents/GitHub/woon_query/xyz_files/H2C8_1A1.xyz	-304.897579	98.10128	10
C8H2	H2C8	1Sigma	/Users/tinaccil/Documents/GitHub/woon_query/xyz_files/C8H2_1Sigma.xyz	-304.974998	98.10128	10
C9H	H1C9	2Pi	/Users/tinaccil/Documents/GitHub/woon_query/xyz_files/C9H_2Pi.xyz	-342.239606	109.10414	10
HC8N	H1C8N1	3Sigma	/Users/tinaccil/Documents/GitHub/woon_query/xyz_files/HC8N_3Sigma.xyz	-358.977145	111.10014	10
C10	C10	1Sigma	/Users/tinaccil/Documents/GitHub/woon_query/xyz_files/C10_1Sigma.xyz	-379.537187	120.107	10
C9N	C9N1	2Pi	/Users/tinaccil/Documents/GitHub/woon_query/xyz_files/C9N_2Pi.xyz	-396.295274	122.103	10
C8N2	C8N2	1Sigma	/Users/tinaccil/Documents/GitHub/woon_query/xyz_files/C8N2_1Sigma.xyz	-413.077751	124.099	10
CH3C6H	H4C7	1Ap	/Users/tinaccil/Documents/GitHub/woon_query/xyz_files/CH3C6H_1Ap.xyz	-268.238156	88.10626	11
H2C9	H2C9	1A1	/Users/tinaccil/Documents/GitHub/woon_query/xyz_files/H2C9_1A1.xyz	-342.869201	110.11198	11
C10H	H1C10	2Pi	/Users/tinaccil/Documents/GitHub/woon_query/xyz_files/C10H_2Pi.xyz	-380.222363	121.11484	11
HC9N	H1C9N1	1Sigma	/Users/tinaccil/Documents/GitHub/woon_query/xyz_files/HC9N_1Sigma.xyz	-397.003808	123.11084	11
C11	C11	1Sigma	/Users/tinaccil/Documents/GitHub/woon_query/xyz_files/C11_1Sigma.xyz	-417.532859	132.1177	11
C6H6	H6C6	1A1	/Users/tinaccil/Documents/GitHub/woon_query/xyz_files/C6H6_1A1.xyz	-150.140358	78.11124	12
CH3C7N	H3C8N1	1Ap	/Users/tinaccil/Documents/GitHub/woon_query/xyz_files/CH3C7N_1Ap.xyz	-360.268300	113.11582	12
HC10N	H1C10N1	3Sigma	/Users/tinaccil/Documents/GitHub/woon_query/xyz_files/HC10N_3Sigma.xyz	-434.933310	135.12154	12
C10N2	C10N2	1Sigma	/Users/tinaccil/Documents/GitHub/woon_query/xyz_files/C10N2_1Sigma.xyz	-489.030958	148.1204	12
